{
  " PracticeTestAutomation Contact" : {
    "transaction" : " PracticeTestAutomation Contact",
    "sampleCount" : 400,
    "errorCount" : 1,
    "errorPct" : 0.25,
    "meanResTime" : 4401.967500000001,
    "medianResTime" : 2984.5,
    "minResTime" : 422.0,
    "maxResTime" : 37664.0,
    "pct1ResTime" : 9986.400000000007,
    "pct2ResTime" : 14752.399999999987,
    "pct3ResTime" : 24233.880000000012,
    "throughput" : 0.8419085224294954,
    "receivedKBytesPerSec" : 114.30371871323229,
    "sentKBytesPerSec" : 0.1123565565467859
  },
  "PracticeTestAutomation Cources" : {
    "transaction" : "PracticeTestAutomation Cources",
    "sampleCount" : 400,
    "errorCount" : 0,
    "errorPct" : 0.0,
    "meanResTime" : 4755.182499999999,
    "medianResTime" : 3233.5,
    "minResTime" : 464.0,
    "maxResTime" : 28276.0,
    "pct1ResTime" : 12263.000000000002,
    "pct2ResTime" : 15085.3,
    "pct3ResTime" : 20245.820000000003,
    "throughput" : 0.8332934046910252,
    "receivedKBytesPerSec" : 129.66812959027484,
    "sentKBytesPerSec" : 0.11148554340104536
  },
  " PracticeTestAutomation Blog" : {
    "transaction" : " PracticeTestAutomation Blog",
    "sampleCount" : 400,
    "errorCount" : 2,
    "errorPct" : 0.5,
    "meanResTime" : 4862.887499999997,
    "medianResTime" : 3351.0,
    "minResTime" : 487.0,
    "maxResTime" : 35190.0,
    "pct1ResTime" : 10602.500000000005,
    "pct2ResTime" : 15348.05,
    "pct3ResTime" : 24294.28000000001,
    "throughput" : 0.8247456690543054,
    "receivedKBytesPerSec" : 134.78939281708378,
    "sentKBytesPerSec" : 0.10738607427247122
  },
  "Total" : {
    "transaction" : "Total",
    "sampleCount" : 2000,
    "errorCount" : 7,
    "errorPct" : 0.35,
    "meanResTime" : 4664.183999999997,
    "medianResTime" : 3062.5,
    "minResTime" : 422.0,
    "maxResTime" : 97296.0,
    "pct1ResTime" : 10774.700000000003,
    "pct2ResTime" : 15524.849999999999,
    "pct3ResTime" : 24245.420000000002,
    "throughput" : 3.940405310090196,
    "receivedKBytesPerSec" : 546.6757786487168,
    "sentKBytesPerSec" : 0.5330167792309117
  },
  "PracticeTestAutomation Practice" : {
    "transaction" : "PracticeTestAutomation Practice",
    "sampleCount" : 400,
    "errorCount" : 3,
    "errorPct" : 0.75,
    "meanResTime" : 4214.717500000004,
    "medianResTime" : 2687.0,
    "minResTime" : 430.0,
    "maxResTime" : 62383.0,
    "pct1ResTime" : 8255.200000000004,
    "pct2ResTime" : 12824.299999999992,
    "pct3ResTime" : 28880.570000000003,
    "throughput" : 0.8624425667153228,
    "receivedKBytesPerSec" : 103.50800703807037,
    "sentKBytesPerSec" : 0.11535590444351972
  },
  " PracticeTestAutomation Login" : {
    "transaction" : " PracticeTestAutomation Login",
    "sampleCount" : 400,
    "errorCount" : 1,
    "errorPct" : 0.25,
    "meanResTime" : 5086.165000000001,
    "medianResTime" : 2956.0,
    "minResTime" : 425.0,
    "maxResTime" : 97296.0,
    "pct1ResTime" : 12813.70000000004,
    "pct2ResTime" : 19136.399999999998,
    "pct3ResTime" : 24689.340000000007,
    "throughput" : 0.7913474074469747,
    "receivedKBytesPerSec" : 94.05503583196331,
    "sentKBytesPerSec" : 0.11485936210969262
  }
}